date,day_of_week,home_departure_time,home_departure_mileage,work_arrival_time,work_arrival_mileage,comments_from_home_to_work,work_departure_time,work_departure_mileage,home_arrival_time,home_arrival_mileage,comments_from_work_to_home
8/7/2026,Fri,,,,,,15:00,74112,15:17,74116,
8/11/2026,Tue,6:47,74351,6:59,74356,,12:56,74356,13:11,74360,
8/14/2026,Fri,9:19,74735,9:30,74739,,12:56,74739,13:09,74744,
8/17/2026,Mon,12:25,75313,12:36,75318,,18:09,75318,18:25,75322,
8/18/2026,Tue,6:50,75337,7:04,75341,,16:21,75341,16:35,75346,
8/19/2026,Wed,8:01,75350,8:13,75354,,16:10,75354,16:28,75359,
8/20/2026,Thu,7:08,75359,7:24,75363,,,,,,
8/21/2026,Fri,7:21,75377,7:39,75382,,13:04,75382,13:14,75386,
8/24/2026,Mon,7:26,75723,7:40,75727,,,,,,
8/25/2026,Tue,8:21,75735,8:34,75740,,14:12,75740,14:26,75744,
8/27/2026,Thu,7:18,75814,7:34,75819,,16:03,75819,16:21,75824,
8/28/2026,Fri,7:52,75838,8:09,75842,,12:55,75842,13:07,75847,
8/31/2026,Mon,7:20,210291,7:34,210296,,15:43,210296,15:58,210301,
9/1/2026,Tue,8:00,76041,8:16,76046,,,,,,
9/2/2026,Wed,8:15,76077,8:28,76082,,,,,,
9/3/2026,Thu,8:19,210301,8:35,210305,,14:25,210305,14:42,210310,
9/4/2026,Fri,7:25,76123,7:42,76127,,12:45,76127,12:57,76132,
9/8/2026,Tue,7:20,76278,7:36,76283,,11:40,76283,11:52,76287,
9/9/2026,Wed,8:13,76333,8:32,76337,,,,,,
9/10/2026,Thu,7:24,210310,7:46,210314,,16:23,210322,16:42,210327,
9/11/2026,Fri,7:56,76424,8:09,76428,,,,,,
9/14/2026,Mon,9:07,210468,9:21,210473,,15:44,210473,16:01,210477,
9/15/2026,Tue,7:44,210477,8:02,210482,,16:59,210482,17:15,210487,
9/16/2026,Wed,8:30,210487,8:47,210491,,,,,,
9/17/2026,Thu,7:42,210514,8:04,210518,,15:56,210518,16:12,210523,
9/18/2026,Fri,8:27,76929,8:38,76933,,,,,,
9/21/2026,Mon,7:50,76980,8:05,76985,,15:48,76985,16:02,76990,
9/22/2026,Tue,7:54,77004,8:13,77008,,,,,,
9/23/2026,Wed,8:32,77043,8:48,77047,,16:22,77047,16:39,77052,
9/24/2026,Thu,8:59,210523,9:15,210528,,11:36,210528,11:48,210533,
9/24/2026,Thu,11:54,210533,12:03,210537,,16:53,210538,17:08,210543,departed from WinCo
9/25/2026,Fri,7:40,77059,7:54,77063,,16:08,77063,16:21,77068,
9/28/2026,Mon,8:33,77117,8:50,77121,,16:08,77121,16:21,77126,
9/29/2026,Tue,8:34,77136,8:49,77140,,16:23,77140,16:37,77145,
9/30/2026,Wed,8:48,77150,9:04,77155,,16:15,77155,16:32,77159,
10/1/2026,Thu,8:12,210543,8:28,210547,,16:04,210549,16:19,210553,
10/2/2026,Fri,7:44,77167,7:56,77171,,,,,,
